broker,score
Integrity Express,5
Uber Freight,5
MODEONE LLC,5
Mode Transportation,5
Arrive Logistics,4
Best Logistics,4
"Brock, LLC",4
True Blue Freight LLC,4
Mohawk Logistics,4
Mohawk Global Logistics,4
"Double-Stack Logistics LLC",4
"Online Freight Services, Inc.",4
"B2B Transportation Services, Inc.",4
"Pepsi Logistics Company Inc",4
Freightvana LLC,3
PDQ Logistics LLC,3
Axle Logistics LLC,3
Transloop Logistics LLC,3
King of Freight,3
"Blue Marlin Logistics Group, Inc",3
"Mode Transportation - TN",3
"Acme Freight Brokers",2
"ACME FREIGHT SERVICES",2
"True Line Logistics, LLC",1